{
  "overall": {
    "total_images": 250,
    "total_ground_truth": 1011,
    "total_predictions": 780,
    "true_positives": 739,
    "false_positives": 41,
    "false_negatives": 272,
    "precision": 0.9474358974358974,
    "recall": 0.7309594460929772,
    "f1_score": 0.8252372975991066,
    "images_with_overlap": 107,
    "images_without_overlap": 143
  },
  "per_category": {
    "cat1": {
      "ground_truth": 247,
      "predictions": 204,
      "true_positives": 203,
      "false_positives": 1,
      "false_negatives": 44,
      "precision": 0.9950980392156863,
      "recall": 0.8218623481781376,
      "f1_score": 0.9002217294900221
    },
    "cat2": {
      "ground_truth": 248,
      "predictions": 182,
      "true_positives": 168,
      "false_positives": 14,
      "false_negatives": 80,
      "precision": 0.9230769230769231,
      "recall": 0.6774193548387096,
      "f1_score": 0.7813953488372093
    },
    "cat4": {
      "ground_truth": 249,
      "predictions": 173,
      "true_positives": 165,
      "false_positives": 8,
      "false_negatives": 84,
      "precision": 0.953757225433526,
      "recall": 0.6626506024096386,
      "f1_score": 0.7819905213270142
    },
    "cat5": {
      "ground_truth": 267,
      "predictions": 221,
      "true_positives": 203,
      "false_positives": 18,
      "false_negatives": 64,
      "precision": 0.918552036199095,
      "recall": 0.7602996254681648,
      "f1_score": 0.8319672131147541
    }
  },
  "overlap_analysis": {
    "with_overlap": {
      "num_images": 107,
      "precision": 0.9356060606060606,
      "recall": 0.49007936507936506,
      "f1_score": 0.6432291666666666
    },
    "without_overlap": {
      "num_images": 143,
      "precision": 0.9534883720930233,
      "recall": 0.9704142011834319,
      "f1_score": 0.9618768328445748
    }
  },
  "confusion_matrix": [
    [
      203,
      0,
      0,
      0
    ],
    [
      0,
      168,
      0,
      0
    ],
    [
      0,
      0,
      165,
      0
    ],
    [
      0,
      0,
      0,
      203
    ]
  ],
  "image_statistics": {
    "precision": {
      "mean": 0.931,
      "std": 0.19708458421026573,
      "min": 0.0,
      "max": 1.0,
      "median": 1.0
    },
    "recall": {
      "mean": 0.7683809523809523,
      "std": 0.29094990256913417,
      "min": 0.0,
      "max": 1.0,
      "median": 1.0
    },
    "f1_score": {
      "mean": 0.8156727272727273,
      "std": 0.24390477188708826,
      "min": 0.0,
      "max": 1.0,
      "median": 0.9090909090909091
    }
  }
}