{
  "overall": {
    "mAP@0.5": 0.7981531819522385,
    "mAP@0.5:0.95": 0.6425334733345917,
    "precision": 0.8562339714994774,
    "recall": 0.8184713381340757
  },
  "per_category": {
    "cat1": {
      "mAP@0.5": 0.9031124597353938,
      "mAP@0.5:0.95": 0.7423140588343441
    },
    "cat2": {
      "mAP@0.5": 0.7907149120751047,
      "mAP@0.5:0.95": 0.631143397275971
    },
    "cat4": {
      "mAP@0.5": 0.7180795107503842,
      "mAP@0.5:0.95": 0.5985401360677827
    },
    "cat5": {
      "mAP@0.5": 0.7807058452480711,
      "mAP@0.5:0.95": 0.5981363011602687
    }
  },
  "evaluation_params": {
    "conf_threshold": 0.25,
    "iou_threshold": 0.5
  }
}