{
  "overall": {
    "mAP@0.5": 0.8310767518713132,
    "mAP@0.5:0.95": 0.6543316669532762,
    "precision": 0.8846121968785866,
    "recall": 0.8218731348446354
  },
  "per_category": {
    "cat1": {
      "mAP@0.5": 0.9511680145711141,
      "mAP@0.5:0.95": 0.7329274604527352
    },
    "cat2": {
      "mAP@0.5": 0.8397623859168799,
      "mAP@0.5:0.95": 0.666366076421058
    },
    "cat4": {
      "mAP@0.5": 0.726716709931808,
      "mAP@0.5:0.95": 0.5816718517979148
    },
    "cat5": {
      "mAP@0.5": 0.8066598970654509,
      "mAP@0.5:0.95": 0.6363612791413967
    }
  },
  "evaluation_params": {
    "conf_threshold": 0.25,
    "iou_threshold": 0.5
  }
}