{
  "statistics": {
    "correlation": -0.5000910586392756,
    "mean_overlap_percentage": 11.916313519769812,
    "std_overlap_percentage": 17.671510736232772,
    "mean_iou": 0.8763683140201934,
    "std_iou": 0.06868787426011849,
    "total_images": 244,
    "overlap_range": [
      0.0,
      66.87921009443171
    ],
    "iou_range": [
      0.5719092887890861,
      0.9657577645435004
    ]
  },
  "per_image_data": {
    "image_names": [
      "test_0000.jpg",
      "test_0001.jpg",
      "test_0002.jpg",
      "test_0003.jpg",
      "test_0004.jpg",
      "test_0005.jpg",
      "test_0006.jpg",
      "test_0007.jpg",
      "test_0008.jpg",
      "test_0009.jpg",
      "test_0010.jpg",
      "test_0011.jpg",
      "test_0012.jpg",
      "test_0013.jpg",
      "test_0014.jpg",
      "test_0015.jpg",
      "test_0016.jpg",
      "test_0017.jpg",
      "test_0018.jpg",
      "test_0019.jpg",
      "test_0020.jpg",
      "test_0021.jpg",
      "test_0023.jpg",
      "test_0024.jpg",
      "test_0025.jpg",
      "test_0026.jpg",
      "test_0027.jpg",
      "test_0028.jpg",
      "test_0029.jpg",
      "test_0030.jpg",
      "test_0031.jpg",
      "test_0033.jpg",
      "test_0034.jpg",
      "test_0035.jpg",
      "test_0036.jpg",
      "test_0037.jpg",
      "test_0038.jpg",
      "test_0039.jpg",
      "test_0040.jpg",
      "test_0041.jpg",
      "test_0042.jpg",
      "test_0043.jpg",
      "test_0044.jpg",
      "test_0045.jpg",
      "test_0046.jpg",
      "test_0047.jpg",
      "test_0048.jpg",
      "test_0049.jpg",
      "test_0050.jpg",
      "test_0051.jpg",
      "test_0052.jpg",
      "test_0053.jpg",
      "test_0055.jpg",
      "test_0056.jpg",
      "test_0057.jpg",
      "test_0058.jpg",
      "test_0059.jpg",
      "test_0060.jpg",
      "test_0061.jpg",
      "test_0062.jpg",
      "test_0063.jpg",
      "test_0064.jpg",
      "test_0065.jpg",
      "test_0066.jpg",
      "test_0067.jpg",
      "test_0068.jpg",
      "test_0069.jpg",
      "test_0070.jpg",
      "test_0071.jpg",
      "test_0072.jpg",
      "test_0073.jpg",
      "test_0074.jpg",
      "test_0075.jpg",
      "test_0076.jpg",
      "test_0077.jpg",
      "test_0078.jpg",
      "test_0079.jpg",
      "test_0080.jpg",
      "test_0081.jpg",
      "test_0082.jpg",
      "test_0083.jpg",
      "test_0084.jpg",
      "test_0085.jpg",
      "test_0086.jpg",
      "test_0087.jpg",
      "test_0088.jpg",
      "test_0089.jpg",
      "test_0090.jpg",
      "test_0091.jpg",
      "test_0092.jpg",
      "test_0093.jpg",
      "test_0094.jpg",
      "test_0095.jpg",
      "test_0096.jpg",
      "test_0097.jpg",
      "test_0098.jpg",
      "test_0099.jpg",
      "test_0100.jpg",
      "test_0101.jpg",
      "test_0102.jpg",
      "test_0103.jpg",
      "test_0105.jpg",
      "test_0106.jpg",
      "test_0107.jpg",
      "test_0108.jpg",
      "test_0109.jpg",
      "test_0110.jpg",
      "test_0111.jpg",
      "test_0112.jpg",
      "test_0113.jpg",
      "test_0114.jpg",
      "test_0115.jpg",
      "test_0116.jpg",
      "test_0117.jpg",
      "test_0118.jpg",
      "test_0119.jpg",
      "test_0120.jpg",
      "test_0121.jpg",
      "test_0122.jpg",
      "test_0123.jpg",
      "test_0124.jpg",
      "test_0125.jpg",
      "test_0126.jpg",
      "test_0127.jpg",
      "test_0128.jpg",
      "test_0129.jpg",
      "test_0130.jpg",
      "test_0131.jpg",
      "test_0132.jpg",
      "test_0133.jpg",
      "test_0134.jpg",
      "test_0135.jpg",
      "test_0136.jpg",
      "test_0137.jpg",
      "test_0138.jpg",
      "test_0139.jpg",
      "test_0140.jpg",
      "test_0141.jpg",
      "test_0142.jpg",
      "test_0143.jpg",
      "test_0144.jpg",
      "test_0145.jpg",
      "test_0146.jpg",
      "test_0147.jpg",
      "test_0148.jpg",
      "test_0149.jpg",
      "test_0150.jpg",
      "test_0151.jpg",
      "test_0152.jpg",
      "test_0153.jpg",
      "test_0154.jpg",
      "test_0155.jpg",
      "test_0156.jpg",
      "test_0157.jpg",
      "test_0158.jpg",
      "test_0160.jpg",
      "test_0161.jpg",
      "test_0162.jpg",
      "test_0163.jpg",
      "test_0164.jpg",
      "test_0165.jpg",
      "test_0166.jpg",
      "test_0167.jpg",
      "test_0168.jpg",
      "test_0169.jpg",
      "test_0170.jpg",
      "test_0171.jpg",
      "test_0172.jpg",
      "test_0173.jpg",
      "test_0174.jpg",
      "test_0175.jpg",
      "test_0176.jpg",
      "test_0177.jpg",
      "test_0178.jpg",
      "test_0179.jpg",
      "test_0180.jpg",
      "test_0181.jpg",
      "test_0182.jpg",
      "test_0183.jpg",
      "test_0184.jpg",
      "test_0185.jpg",
      "test_0186.jpg",
      "test_0187.jpg",
      "test_0188.jpg",
      "test_0189.jpg",
      "test_0190.jpg",
      "test_0191.jpg",
      "test_0192.jpg",
      "test_0193.jpg",
      "test_0194.jpg",
      "test_0195.jpg",
      "test_0196.jpg",
      "test_0197.jpg",
      "test_0198.jpg",
      "test_0199.jpg",
      "test_0200.jpg",
      "test_0201.jpg",
      "test_0202.jpg",
      "test_0203.jpg",
      "test_0204.jpg",
      "test_0205.jpg",
      "test_0206.jpg",
      "test_0207.jpg",
      "test_0208.jpg",
      "test_0209.jpg",
      "test_0210.jpg",
      "test_0211.jpg",
      "test_0212.jpg",
      "test_0213.jpg",
      "test_0214.jpg",
      "test_0215.jpg",
      "test_0216.jpg",
      "test_0217.jpg",
      "test_0218.jpg",
      "test_0219.jpg",
      "test_0220.jpg",
      "test_0221.jpg",
      "test_0222.jpg",
      "test_0223.jpg",
      "test_0224.jpg",
      "test_0225.jpg",
      "test_0226.jpg",
      "test_0227.jpg",
      "test_0228.jpg",
      "test_0229.jpg",
      "test_0230.jpg",
      "test_0231.jpg",
      "test_0232.jpg",
      "test_0233.jpg",
      "test_0234.jpg",
      "test_0235.jpg",
      "test_0236.jpg",
      "test_0237.jpg",
      "test_0238.jpg",
      "test_0239.jpg",
      "test_0240.jpg",
      "test_0242.jpg",
      "test_0243.jpg",
      "test_0244.jpg",
      "test_0245.jpg",
      "test_0246.jpg",
      "test_0247.jpg",
      "test_0248.jpg",
      "test_0249.jpg"
    ],