{
  "overall": {
    "total_images": 250,
    "total_ground_truth": 1003,
    "total_predictions": 752,
    "true_positives": 708,
    "false_positives": 44,
    "false_negatives": 295,
    "precision": 0.9414893617021277,
    "recall": 0.7058823529411765,
    "f1_score": 0.8068376068376069,
    "images_with_overlap": 99,
    "images_without_overlap": 151
  },
  "per_category": {
    "cat1": {
      "ground_truth": 226,
      "predictions": 186,
      "true_positives": 183,
      "false_positives": 3,
      "false_negatives": 43,
      "precision": 0.9838709677419355,
      "recall": 0.8097345132743363,
      "f1_score": 0.8883495145631068
    },
    "cat2": {
      "ground_truth": 260,
      "predictions": 208,
      "true_positives": 185,
      "false_positives": 23,
      "false_negatives": 75,
      "precision": 0.8894230769230769,
      "recall": 0.7115384615384616,
      "f1_score": 0.7905982905982907
    },
    "cat4": {
      "ground_truth": 271,
      "predictions": 163,
      "true_positives": 160,
      "false_positives": 3,
      "false_negatives": 111,
      "precision": 0.9815950920245399,
      "recall": 0.5904059040590406,
      "f1_score": 0.7373271889400921
    },
    "cat5": {
      "ground_truth": 246,
      "predictions": 195,
      "true_positives": 180,
      "false_positives": 15,
      "false_negatives": 66,
      "precision": 0.9230769230769231,
      "recall": 0.7317073170731707,
      "f1_score": 0.8163265306122449
    }
  },
  "overlap_analysis": {
    "with_overlap": {
      "num_images": 99,
      "precision": 0.9210526315789473,
      "recall": 0.43568464730290457,
      "f1_score": 0.5915492957746479
    },
    "without_overlap": {
      "num_images": 151,
      "precision": 0.950381679389313,
      "recall": 0.9558541266794626,
      "f1_score": 0.95311004784689
    }
  },
  "confusion_matrix": [
    [
      183,
      0,
      0,
      0
    ],
    [
      0,
      185,
      0,
      0
    ],
    [
      0,
      0,
      160,
      0
    ],
    [
      0,
      0,
      0,
      180
    ]
  ],
  "image_statistics": {
    "precision": {
      "mean": 0.9248,
      "std": 0.19197935074145633,
      "min": 0.0,
      "max": 1.0,
      "median": 1.0
    },
    "recall": {
      "mean": 0.757352380952381,
      "std": 0.30440351188822806,
      "min": 0.0,
      "max": 1.0,
      "median": 1.0
    },
    "f1_score": {
      "mean": 0.8030767676767676,
      "std": 0.25854266266406617,
      "min": 0.0,
      "max": 1.0,
      "median": 1.0
    }
  }
}