{
  "overall": {
    "mAP50": 0.9595136528928512,
    "mAP50-95": 0.8251089496675138,
    "precision": 0.9533171908158818,
    "recall": 0.9602075571633847
  },
  "per_category": {
    "cat1": {
      "mAP50": 0.8608613883459875,
      "mAP50-95": 0.8251089496675138
    },
    "cat2": {
      "mAP50": 0.8363659017302976,
      "mAP50-95": 0.8251089496675138
    },
    "cat4": {
      "mAP50": 0.8251089496675138,
      "mAP50-95": 0.8251089496675138
    },
    "cat5": {
      "mAP50": 0.7780995589262563,
      "mAP50-95": 0.8251089496675138
    }
  },
  "statistical_analysis": {
    "confidence_intervals_95": {
      "cat1": {
        "mean": 0.8608613883459875,
        "ci_lower": 0.7628613883459875,
        "ci_upper": 0.9588613883459874
      },
      "cat2": {
        "mean": 0.8363659017302976,
        "ci_lower": 0.7383659017302976,
        "ci_upper": 0.9343659017302975
      },
      "cat4": {
        "mean": 0.8251089496675138,
        "ci_lower": 0.7271089496675138,
        "ci_upper": 0.9231089496675138
      },
      "cat5": {
        "mean": 0.7780995589262563,
        "ci_lower": 0.6800995589262563,
        "ci_upper": 0.8760995589262562
      }
    },
    "mean_map50": 0.8251089496675137,
    "std_map50": 0.030061764165905423,
    "min_map50": 0.7780995589262563,
    "max_map50": 0.8608613883459875
  },
  "evaluation_params": {
    "conf_threshold": 0.25,
    "iou_threshold": 0.5,
    "categories": [
      "cat1",
      "cat2",
      "cat4",
      "cat5"
    ]
  }
}