{
  "overall": {
    "mAP@0.5": 0.8124441047343576,
    "mAP@0.5:0.95": 0.6461032742297357,
    "precision": 0.8534157654661664,
    "recall": 0.8047811248624845
  },
  "per_category": {
    "cat1": {
      "mAP@0.5": 0.9117580285063193,
      "mAP@0.5:0.95": 0.6972064353758427
    },
    "cat2": {
      "mAP@0.5": 0.7630416525110286,
      "mAP@0.5:0.95": 0.6250516909490245
    },
    "cat4": {
      "mAP@0.5": 0.7454243771142748,
      "mAP@0.5:0.95": 0.6011690566232072
    },
    "cat5": {
      "mAP@0.5": 0.8295523608058076,
      "mAP@0.5:0.95": 0.6609859139708684
    }
  },
  "evaluation_params": {
    "conf_threshold": 0.25,
    "iou_threshold": 0.5
  }
}