{
  "overall": {
    "mAP@0.5": 0.9866179291244541,
    "mAP@0.5:0.95": 0.866043219355422,
    "precision": 0.9834227428350929,
    "recall": 0.9798278042578462
  },
  "per_category": {
    "cat1": {
      "mAP@0.5": 0.995,
      "mAP@0.5:0.95": 0.8797928838472909
    },
    "cat2": {
      "mAP@0.5": 0.9935453038434664,
      "mAP@0.5:0.95": 0.8663330401627858
    },
    "cat4": {
      "mAP@0.5": 0.9637921362303993,
      "mAP@0.5:0.95": 0.8556085997012233
    },
    "cat5": {
      "mAP@0.5": 0.9941342764239505,
      "mAP@0.5:0.95": 0.8624383537103876
    }
  },
  "evaluation_params": {
    "conf_threshold": 0.25,
    "iou_threshold": 0.5
  }
}